Date/Time;URL
07.05.2015 20:55:41;http://localhost:65367/
07.05.2015 20:55:43;http://localhost:65367/
07.05.2015 20:55:48;http://localhost:65367/Home/PrintTable?table=cars
07.05.2015 20:55:48;http://localhost:65367/Home/PrintTable?table=cars
07.05.2015 20:55:50;http://localhost:65367/Home/PrintTable?table=log
07.05.2015 20:55:50;http://localhost:65367/Home/PrintTable?table=log
07.05.2015 20:55:55;http://localhost:65367/Home/PrintTable?table=log
07.05.2015 20:55:55;http://localhost:65367/Home/PrintTable?table=log
08.05.2015 18:52:04;http://localhost:65367/
08.05.2015 18:52:08;http://localhost:65367/
08.05.2015 18:52:16;http://localhost:65367/Home/PrintTable?table=cars
08.05.2015 18:52:16;http://localhost:65367/Home/PrintTable?table=cars
08.05.2015 18:52:27;http://localhost:65367/Home/PrintTable?table=log
08.05.2015 18:52:27;http://localhost:65367/Home/PrintTable?table=log
